team,year,head_coach,offensive_coordinator,defensive_coordinator,source
"BYU Cougars",2021,"Kalani Sitake","Aaron Roderick","Ilaisa Tuiaki",https://en.wikipedia.org/wiki/2021_BYU_Cougars_football_team
"BYU Cougars",2022,"Kalani Sitake","Aaron Roderick","Ilaisa Tuiaki",https://en.wikipedia.org/wiki/2022_BYU_Cougars_football_team
"BYU Cougars",2023,"Kalani Sitake","Aaron Roderick","Jay Hill",https://en.wikipedia.org/wiki/2023_BYU_Cougars_football_team
"BYU Cougars",2024,"Kalani Sitake","Aaron Roderick","Jay Hill",https://en.wikipedia.org/wiki/2024_BYU_Cougars_football_team
"BYU Cougars",2025,"Kalani Sitake","Aaron Roderick","Jay Hill",https://en.wikipedia.org/wiki/2025_BYU_Cougars_football_team
"BYU Cougars",2026,"Kalani Sitake","Aaron Roderick","Kelly Poppinga",https://en.wikipedia.org/wiki/2026_BYU_Cougars_football_team
"Arizona Wildcats",2021,"Jedd Fisch","Brennan Carroll","Don Brown",https://en.wikipedia.org/wiki/2021_Arizona_Wildcats_football_team
"Arizona Wildcats",2022,"Jedd Fisch","Brennan Carroll","Johnny Nansen",https://en.wikipedia.org/wiki/2022_Arizona_Wildcats_football_team
"Arizona Wildcats",2023,"Jedd Fisch","Brennan Carroll","Johnny Nansen",https://en.wikipedia.org/wiki/2023_Arizona_Wildcats_football_team
"Arizona Wildcats",2024,"Brent Brennan","Dino Babers","Duane Akina",https://en.wikipedia.org/wiki/2024_Arizona_Wildcats_football_team
"Arizona Wildcats",2025,"Brent Brennan","Seth Doege","Danny Gonzales",https://en.wikipedia.org/wiki/2025_Arizona_Wildcats_football_team
"Arizona Wildcats",2026,"Brent Brennan","Seth Doege","Danny Gonzales",https://en.wikipedia.org/wiki/2026_Arizona_Wildcats_football_team
"TCU Horned Frogs",2021,"Gary Patterson","Doug Meacham","Chad Glasgow",https://en.wikipedia.org/wiki/2021_TCU_Horned_Frogs_football_team
"TCU Horned Frogs",2022,"Sonny Dykes","Garrett Riley","Joe Gillespie",https://en.wikipedia.org/wiki/2022_TCU_Horned_Frogs_football_team
"TCU Horned Frogs",2023,"Sonny Dykes","Kendal Briles","Joe Gillespie",https://en.wikipedia.org/wiki/2023_TCU_Horned_Frogs_football_team
"TCU Horned Frogs",2024,"Sonny Dykes","Kendal Briles","Andy Avalos",https://en.wikipedia.org/wiki/2024_TCU_Horned_Frogs_football_team
"TCU Horned Frogs",2025,"Sonny Dykes","Kendal Briles","Andy Avalos",https://en.wikipedia.org/wiki/2025_TCU_Horned_Frogs_football_team
"TCU Horned Frogs",2026,"Sonny Dykes","Gordon Sammis","Andy Avalos",https://en.wikipedia.org/wiki/2026_TCU_Horned_Frogs_football_team
"Iowa State Cyclones",2021,"Matt Campbell","Tom Manning","Jon Heacock",https://en.wikipedia.org/wiki/2021_Iowa_State_Cyclones_football_team
"Iowa State Cyclones",2022,"Matt Campbell","Tom Manning","Jon Heacock",https://en.wikipedia.org/wiki/2022_Iowa_State_Cyclones_football_team
"Iowa State Cyclones",2023,"Matt Campbell","Nathan Scheelhaase","Jon Heacock",https://en.wikipedia.org/wiki/2023_Iowa_State_Cyclones_football_team
"Iowa State Cyclones",2024,"Matt Campbell","Taylor Mouser","Jon Heacock",https://en.wikipedia.org/wiki/2024_Iowa_State_Cyclones_football_team
"Iowa State Cyclones",2025,"Matt Campbell","Taylor Mouser","Jon Heacock",https://en.wikipedia.org/wiki/2025_Iowa_State_Cyclones_football_team
"Iowa State Cyclones",2026,"Jimmy Rogers","Tyler Roehl","Jesse Bobbit",https://en.wikipedia.org/wiki/2026_Iowa_State_Cyclones_football_team
"Notre Dame Fighting Irish",2021,"Brian Kelly","Tommy Rees","Marcus Freeman",https://en.wikipedia.org/wiki/2021_Notre_Dame_Fighting_Irish_football_team
"Notre Dame Fighting Irish",2022,"Marcus Freeman","Tommy Rees","Al Golden",https://en.wikipedia.org/wiki/2022_Notre_Dame_Fighting_Irish_football_team
"Notre Dame Fighting Irish",2023,"Marcus Freeman","Gerad Parker","Al Golden",https://en.wikipedia.org/wiki/2023_Notre_Dame_Fighting_Irish_football_team
"Notre Dame Fighting Irish",2024,"Marcus Freeman","Mike Denbrock","Al Golden",https://en.wikipedia.org/wiki/2024_Notre_Dame_Fighting_Irish_football_team
"Notre Dame Fighting Irish",2025,"Marcus Freeman","Mike Denbrock","Chris Ash",https://en.wikipedia.org/wiki/2025_Notre_Dame_Fighting_Irish_football_team
"Notre Dame Fighting Irish",2026,"Marcus Freeman","Mike Denbrock","Chris Ash",https://en.wikipedia.org/wiki/2026_Notre_Dame_Fighting_Irish_football_team
"UCF Knights",2021,"Gus Malzahn","","Travis Williams",https://en.wikipedia.org/wiki/2021_UCF_Knights_football_team
"UCF Knights",2022,"Gus Malzahn","Chip Lindsey","Travis Williams",https://en.wikipedia.org/wiki/2022_UCF_Knights_football_team
"UCF Knights",2023,"Gus Malzahn","Darin Hinshaw","Addison Williams",https://en.wikipedia.org/wiki/2023_UCF_Knights_football_team
"UCF Knights",2024,"Gus Malzahn","Tim Harris Jr.","Ted Roof (1st season; first 8 games)",https://en.wikipedia.org/wiki/2024_UCF_Knights_football_team
"UCF Knights",2025,"Scott Frost","Steve Cooper","Alex Grinch",https://en.wikipedia.org/wiki/2025_UCF_Knights_football_team
"UCF Knights",2026,"Scott Frost","Steve Cooper","Alex Grinch",https://en.wikipedia.org/wiki/2026_UCF_Knights_football_team
"Arizona State Sun Devils",2021,"Herm Edwards","Zak Hill","Antonio Pierce",https://en.wikipedia.org/wiki/2021_Arizona_State_Sun_Devils_football_team
"Arizona State Sun Devils",2022,"Herm Edwards","Glenn Thomas","Donnie Henderson",https://en.wikipedia.org/wiki/2022_Arizona_State_Sun_Devils_football_team
"Arizona State Sun Devils",2023,"Kenny Dillingham","Beau Baldwin","Brian Ward",https://en.wikipedia.org/wiki/2023_Arizona_State_Sun_Devils_football_team
"Arizona State Sun Devils",2024,"Kenny Dillingham","Marcus Arroyo","Brian Ward",https://en.wikipedia.org/wiki/2024_Arizona_State_Sun_Devils_football_team
"Arizona State Sun Devils",2025,"Kenny Dillingham","Marcus Arroyo","Brian Ward",https://en.wikipedia.org/wiki/2025_Arizona_State_Sun_Devils_football_team
"Arizona State Sun Devils",2026,"Kenny Dillingham","Marcus Arroyo","Brian Ward",https://en.wikipedia.org/wiki/2026_Arizona_State_Sun_Devils_football_team
"Utah Utes",2021,"Kyle Whittingham","Andy Ludwig","Morgan Scalley",https://en.wikipedia.org/wiki/2021_Utah_Utes_football_team
"Utah Utes",2022,"Kyle Whittingham","Andy Ludwig","Morgan Scalley",https://en.wikipedia.org/wiki/2022_Utah_Utes_football_team
"Utah Utes",2023,"Kyle Whittingham","Andy Ludwig","Morgan Scalley",https://en.wikipedia.org/wiki/2023_Utah_Utes_football_team
"Utah Utes",2024,"Kyle Whittingham","Andy Ludwig (10th season; first 7 weeks); Mike Bajakian (interim; remainder of season)","Morgan Scalley",https://en.wikipedia.org/wiki/2024_Utah_Utes_football_team
"Utah Utes",2025,"Kyle Whittingham","Jason Beck","Morgan Scalley",https://en.wikipedia.org/wiki/2025_Utah_Utes_football_team
"Utah Utes",2026,"Morgan Scalley","Kevin McGiven","Colton Swan",https://en.wikipedia.org/wiki/2026_Utah_Utes_football_team
"Baylor Bears",2021,"Dave Aranda","Jeff Grimes","Ron Roberts",https://en.wikipedia.org/wiki/2021_Baylor_Bears_football_team
"Baylor Bears",2022,"Dave Aranda","Jeff Grimes","Ron Roberts",https://en.wikipedia.org/wiki/2022_Baylor_Bears_football_team
"Baylor Bears",2023,"Dave Aranda","Jeff Grimes","Matt Powledge",https://en.wikipedia.org/wiki/2023_Baylor_Bears_football_team
"Baylor Bears",2024,"Dave Aranda","Jake Spavital","Matt Powledge",https://en.wikipedia.org/wiki/2024_Baylor_Bears_football_team
"Baylor Bears",2025,"Dave Aranda","Jake Spavital","Matt Powledge",https://en.wikipedia.org/wiki/2025_Baylor_Bears_football_team
"Baylor Bears",2026,"Dave Aranda","Jake Spavital","Joe Klanderman",https://en.wikipedia.org/wiki/2026_Baylor_Bears_football_team
"Kansas Jayhawks",2021,"Lance Leipold","Andy Kotelnicki","Brian Borland",https://en.wikipedia.org/wiki/2021_Kansas_Jayhawks_football_team
"Kansas Jayhawks",2022,"Lance Leipold","Andy Kotelnicki","Brian Borland",https://en.wikipedia.org/wiki/2022_Kansas_Jayhawks_football_team
"Kansas Jayhawks",2023,"Lance Leipold","Andy Kotelnicki","Brian Borland",https://en.wikipedia.org/wiki/2023_Kansas_Jayhawks_football_team
"Kansas Jayhawks",2024,"Lance Leipold","Jeff Grimes","Brian Borland",https://en.wikipedia.org/wiki/2024_Kansas_Jayhawks_football_team
"Kansas Jayhawks",2025,"Lance Leipold","Jim Zebrowski","D. K. McDonald",https://en.wikipedia.org/wiki/2025_Kansas_Jayhawks_football_team
"Kansas Jayhawks",2026,"Lance Leipold","Jim Zebrowski","D. K. McDonald",https://en.wikipedia.org/wiki/2026_Kansas_Jayhawks_football_team
"Cincinnati Bearcats",2021,"Luke Fickell","Mike Denbrock","Mike Tressel",https://en.wikipedia.org/wiki/2021_Cincinnati_Bearcats_football_team
"Cincinnati Bearcats",2022,"Luke Fickell","Gino Guidugli","Mike Tressel",https://en.wikipedia.org/wiki/2022_Cincinnati_Bearcats_football_team
"Cincinnati Bearcats",2023,"Scott Satterfield","Brad Glenn","Bryan Brown",https://en.wikipedia.org/wiki/2023_Cincinnati_Bearcats_football_team
"Cincinnati Bearcats",2024,"Scott Satterfield","Brad Glenn","Tyson Veidt",https://en.wikipedia.org/wiki/2024_Cincinnati_Bearcats_football_team
"Cincinnati Bearcats",2025,"Scott Satterfield","Brad Glenn","Tyson Veidt",https://en.wikipedia.org/wiki/2025_Cincinnati_Bearcats_football_team
"Cincinnati Bearcats",2026,"Scott Satterfield","Pete Thomas","Nate Woody",https://en.wikipedia.org/wiki/2026_Cincinnati_Bearcats_football_team
"Colorado State Rams",2021,"Steve Addazio","Jon Budmayr","Chuck Heater",https://en.wikipedia.org/wiki/2021_Colorado_State_Rams_football_team
"Colorado State Rams",2022,"Jay Norvell","Matt Mumme","Freddie Banks",https://en.wikipedia.org/wiki/2022_Colorado_State_Rams_football_team
"Colorado State Rams",2023,"Jay Norvell","Matt Mumme","Freddie Banks",https://en.wikipedia.org/wiki/2023_Colorado_State_Rams_football_team
"Colorado State Rams",2024,"Jay Norvell","Matt Mumme","Freddie Banks",https://en.wikipedia.org/wiki/2024_Colorado_State_Rams_football_team
"Colorado State Rams",2025,"Jay Norvell","Matt Mumme","Tyson Summers",https://en.wikipedia.org/wiki/2025_Colorado_State_Rams_football_team
"Colorado State Rams",2026,"Jim L. Mora","Pryce Tracy","Tyson Summers",https://en.wikipedia.org/wiki/2026_Colorado_State_Rams_football_team
